,labels,mood,circumplex.arousal,circumplex.valence,activity
0,7.0,-0.18620780760542524,-0.23072762557183496,0.0036277489464421843,-0.09003902582709379
1,5.8,-0.18620780760542524,-1.2186318252033537,0.0036277489464421843,-2.098150555494783
2,6.2,-2.6122295295503957,-0.7246797253875944,-3.304879290208959,-0.2988529243924146
3,7.0,-1.803555622235405,-1.2186318252033537,-1.099207930772025,-1.3523610678840676
4,7.0,-0.18620780760542524,-0.8481677503415342,0.6929000487704842,0.35106091482915597
5,7.0,-0.18620780760542524,1.6215927487372626,0.6929000487704842,-0.2883098326576285
6,7.25,-0.18620780760542524,1.251128673875443,0.5550455888056757,0.35581697758259323
7,7.0,0.31921338446644354,0.3867124991978642,1.382172348594526,0.2479745338006182
8,7.5,-0.18620780760542524,-0.23072762557183496,0.5550455888056757,0.5231840695228063
9,7.5,0.8246345765383123,-0.8481677503415342,1.382172348594526,0.06255179883303123
10,7.0,0.8246345765383123,-0.23072762557183496,2.76071694824261,1.7422484990676042
11,7.0,-0.18620780760542524,1.0041526239675633,0.0036277489464421843,1.1929753780413512
12,7.0,-0.18620780760542524,1.0041526239675633,0.0036277489464421843,-0.23145352177513884
13,6.5,-0.18620780760542524,2.239032873506962,0.0036277489464421843,2.1683855949672677
14,7.0,-1.1970501917491627,1.6215927487372626,0.0036277489464421843,0.1753821914220735
15,5.75,-0.18620780760542524,-0.23072762557183496,-1.099207930772025,-0.9814584658999481
16,6.6,-2.713313767964769,-0.8481677503415342,-2.0641891505256837,0.05330200717272835
17,7.2,-0.994881714920416,0.2632244742439244,-1.099207930772025,-1.9394323176477553
18,7.0,0.21812914605207012,-1.2186318252033537,0.5550455888056757,0.045787076022657934
19,7.0,-0.18620780760542524,-0.23072762557183496,-0.5477900909127913,-1.2322635546373528
20,7.75,-0.18620780760542524,0.7571765740596837,0.0036277489464421843,-0.43012858915834834
21,7.2,1.330055768610181,-0.8481677503415342,0.0036277489464421843,-0.6532463108388921
22,7.25,0.21812914605207012,1.251128673875443,0.0036277489464421843,-0.20476193530106862
23,7.4,0.31921338446644354,-0.23072762557183496,0.0036277489464421843,-0.7718779657861237
24,7.4,0.6224660997095655,-0.23072762557183496,0.0036277489464421843,0.003001015491677181
25,7.6,0.6224660997095655,2.239032873506962,1.106463428664909,1.3295732692641171
26,7.75,1.0268030533670591,0.7571765740596837,0.0036277489464421843,0.04220131935855735
27,7.75,1.330055768610181,-0.23072762557183496,0.0036277489464421843,-0.4462537375543042
28,7.2,1.330055768610181,1.0041526239675633,0.0036277489464421843,2.241541110040843
29,6.2,0.21812914605207012,-1.2186318252033537,0.0036277489464421843,0.4358243883404717
30,7.0,-1.803555622235405,0.2632244742439244,-1.6506257706312586,0.21448974605108684
31,7.4,-0.18620780760542524,-0.23072762557183496,0.0036277489464421843,-1.8467926640073065
32,7.8,0.6224660997095655,-0.23072762557183496,0.0036277489464421843,1.5689951707015604
33,7.5,1.4311400070245544,-0.7246797253875944,0.5550455888056757,0.05133509678048576
34,7.0,0.8246345765383123,-1.4656078751112334,0.0036277489464421843,0.34864443941975104
35,7.6,-0.18620780760542524,-0.7246797253875944,0.0036277489464421843,-0.14228477823393426
36,7.4,1.0268030533670591,-0.7246797253875944,0.0036277489464421843,-0.08480435676317442
37,9.0,0.6224660997095655,-0.7246797253875944,0.5550455888056757,-0.0618029928510945
0,7.4,2.1481180585725808,-1.1641789017952202,2.395180401879635,-1.0643695978329353
1,6.4,1.1482978184811168,-1.0067346810062698,-0.8872337359817685,-1.0643695978329353
2,6.6,-0.5180692483379906,0.2528190853053339,0.8633871375443137,-1.0643695978329353
3,7.2,-0.18479583497417032,-1.6365115641620718,-0.8872337359817685,-1.0643695978329353
4,6.6,0.815024405117295,-1.3216231225841706,0.425731919162793,-0.3471778288903016
5,6.4,-0.18479583497417032,0.2528190853053339,0.425731919162793,-0.4275313711733239
6,5.666666666666667,-0.5180692483379906,-0.37695779785046796,0.425731919162793,-0.9978919294104452
7,6.8,-1.7400717640053363,0.672670340742535,-0.15780837201256767,-0.546527464523607
8,6.5,0.14847757838965145,1.1974844100390365,1.301042355925834,-0.3489960763221608
9,7.0,-0.35143254165608045,0.4102633060942843,0.7539733329489334,-0.27563940456406594
10,6.4,0.48175099175347325,-0.37695779785046796,-0.8872337359817685,-0.2557710348093785
11,6.0,-0.5180692483379906,-0.37695779785046796,0.8633871375443137,0.2032713079852014
12,5.6,-1.1846160750656343,0.5677075268832347,0.425731919162793,-0.034712362432542616
13,6.0,-1.8511629017932778,-0.062069356272567,-0.8872337359817685,0.006144586691729944
14,6.5,-1.1846160750656343,-0.37695779785046796,-0.34016471300486784,2.421512431680521
15,6.0,-0.35143254165608045,-1.5577894537675965,0.7539733329489334,-0.03113608278365737
16,5.4,-1.1846160750656343,-1.1641789017952202,0.2069043099720328,1.9183547289432215
17,6.0,-2.184436315157098,0.2528190853053339,-0.8872337359817685,-0.4414520435015064
18,5.8,-1.1846160750656343,-0.7705683498228442,-0.8872337359817685,0.5272597637576544
19,6.4,-1.517889488429456,-1.0067346810062698,0.425731919162793,2.6381557563692666
20,6.25,-0.5180692483379906,-0.6918462394283689,-0.8872337359817685,-0.7043908340811007
21,6.2,-0.7680243083608573,-1.1641789017952202,-0.8872337359817685,-0.9183531036985364
22,7.0,-0.8513426617018124,-0.6918462394283689,0.8633871375443137,0.6374745352682608
23,6.75,0.48175099175347325,-0.37695779785046796,1.301042355925834,-0.030897537203300744
24,7.0,0.06515922504869638,-0.37695779785046796,-0.8872337359817685,1.2966974021401851
25,6.4,0.48175099175347325,-0.6918462394283689,1.301042355925834,-0.04356391484281319
26,7.2,-0.5180692483379906,-0.37695779785046796,-0.8872337359817685,-0.5930858328569006
27,6.6,0.815024405117295,-0.37695779785046796,-0.8872337359817685,1.7724973547055562
28,7.0,-0.18479583497417032,-0.062069356272567,1.301042355925834,0.4640427893241257
29,7.0,0.48175099175347325,1.1974844100390365,1.301042355925834,-0.5969031525403686
30,6.4,0.48175099175347325,1.5910949620114128,-0.8872337359817685,-1.0643695978329353
31,7.0,-0.5180692483379906,-0.37695779785046796,-0.8872337359817685,-0.5274345836512842
32,6.6,0.48175099175347325,0.8825959684611357,-0.8872337359817685,-0.6610468846339874
33,7.25,-0.18479583497417032,0.5677075268832347,-0.8872337359817685,-0.4737410822331196
34,7.0,0.8983427584582501,1.5910949620114128,-0.8872337359817685,0.565489224907673
35,6.8,0.48175099175347325,-1.3216231225841706,-0.8872337359817685,0.6655196848364628
36,7.2,0.14847757838965145,-0.37695779785046796,-0.8872337359817685,-0.9493737052374046
37,7.0,0.815024405117295,2.1421497347727394,-0.8872337359817685,1.1098281262591405
38,7.25,0.48175099175347325,1.722298479335538,1.301042355925834,-1.0643695978329353
39,6.6,0.8983427584582501,1.1974844100390365,-0.8872337359817685,-0.955725556501866
40,7.25,-0.18479583497417032,0.8825959684611357,0.8633871375443137,-0.4153404098878751
41,5.4,0.8983427584582501,0.8038738580666605,-0.8872337359817685,-0.09557160152410059
42,7.2,-2.184436315157098,-0.6918462394283689,-1.3248889543632891,-0.9021704789655617
43,6.75,0.815024405117295,0.5677075268832347,1.301042355925834,-0.05761644624234161
44,7.2,0.06515922504869638,0.4102633060942843,-0.8872337359817685,3.1280381691478993
45,8.0,0.815024405117295,-0.6918462394283689,-0.8872337359817685,0.37401166451689444
46,7.0,2.1481180585725808,1.1974844100390365,1.301042355925834,1.157518627518751
47,7.0,0.48175099175347325,-1.1641789017952202,1.301042355925834,-0.6399852782906662
48,7.0,0.48175099175347325,0.2528190853053339,-0.8872337359817685,-0.5958066874536727
49,8.0,0.48175099175347325,-0.37695779785046796,-0.8872337359817685,0.16949191315115913
50,7.0,2.1481180585725808,2.7719266179285413,1.301042355925834,0.12486929202264709
51,7.333333333333333,0.48175099175347325,-0.37695779785046796,1.301042355925834,0.07388291602714729
0,7.8,-0.25921142397575564,-1.7057712315358045,0.05548025738266719,-1.5215591766285892
1,7.0,0.6174711156495689,0.7013861971775511,0.9102871859452424,-1.5215591766285892
2,6.4,-0.25921142397575564,0.7013861971775511,-1.2267301354611957,-1.5215591766285892
3,6.6,-0.9167233286947488,-0.6116087639388246,-1.6541335997424833,-1.5215591766285892
4,7.0,-0.6975526937884184,0.4825537036581552,-0.3719232068986204,-1.5215591766285892
5,7.8,-0.25921142397575564,0.2637212101387592,-0.3719232068986204,-1.5215591766285892
6,6.4,0.6174711156495689,0.2637212101387592,0.48288372166395477,-1.5215591766285892
7,6.4,-0.9167233286947488,1.357883677735739,-1.6541335997424833,0.5379247950776191
8,8.4,-0.9167233286947488,1.1390511842163429,-0.7993266711799082,-0.9152213749287851
9,7.4,1.274983020368563,2.0143811582939266,1.3376906502265304,-0.8484280243452301
10,8.8,0.17912984583690708,2.2332136518133225,0.05548025738266719,-0.6679985305897542
11,7.6,1.7133242901812258,1.576716171255135,1.765094114507818,0.6804366853494958
12,8.4,0.3983004807432375,1.795548664774531,1.765094114507818,-0.8155141915858002
13,7.4,1.274983020368563,-0.6116087639388246,0.05548025738266719,0.6535191648109127
14,7.6,0.17912984583690708,-0.8304412574582205,0.05548025738266719,-0.7472821060801074
15,7.2,0.3983004807432375,-0.6116087639388246,0.48288372166395477,0.8822234889154427
16,6.2,-0.040040789069424286,-1.4869387380164085,0.05548025738266719,1.1293583473175042
17,7.0,-1.1358939636010803,-0.17394377690003268,-0.3719232068986204,-0.7291068033068514
18,7.5,-0.25921142397575564,-0.8304412574582205,-0.7993266711799082,0.5716588529350554
19,7.4,0.2887151632900723,-1.1586899977373144,0.05548025738266719,1.6211904419487193
20,7.6,0.17912984583690708,-0.8304412574582205,0.05548025738266719,1.1373992828746526
21,7.8,0.3983004807432375,-0.3927762704194287,0.9102871859452424,0.6557470044309273
22,6.8,0.6174711156495689,-0.17394377690003268,0.05548025738266719,-0.11229651940691447
23,6.25,-0.478382058882087,0.7013861971775511,-0.3719232068986204,-0.4008287913903102
24,7.4,-1.0811013048744975,0.7560943205574001,-0.4787740729689424,0.7728968170692937
25,8.2,0.17912984583690708,0.044888716619363236,0.05548025738266719,0.6846748186857515
26,7.8,1.0558123854622306,1.357883677735739,0.9102871859452424,-0.6309452410534067
27,7.6,0.6174711156495689,0.2637212101387592,0.48288372166395477,-0.15869199605337647
28,6.8,0.3983004807432375,1.1390511842163429,0.05548025738266719,0.6933187407974241
29,6.8,-0.478382058882087,1.1390511842163429,0.48288372166395477,1.8357894137198811
30,6.6,-0.478382058882087,1.1390511842163429,0.05548025738266719,-0.8374994860736243
31,6.8,-0.6975526937884184,0.7013861971775511,-0.3719232068986204,-0.4375075414587523
32,6.0,-0.478382058882087,-0.17394377690003268,0.05548025738266719,0.3481137999737137
33,6.0,-1.3550645985074117,-0.3927762704194287,-1.6541335997424833,1.1282780044304648
34,6.4,-1.3550645985074117,0.20901308675891023,-0.4787740729689424,0.901557030852488
35,3.5,-0.9167233286947488,-0.8304412574582205,0.05548025738266719,-1.224932258725325
36,7.2,-4.094697534836551,-0.6116087639388246,-4.21855438543021,-0.6750241026504284
37,6.6,-0.040040789069424286,-0.17394377690003268,0.05548025738266719,0.2036509841313655
38,7.4,-0.6975526937884184,-1.2681062444970126,-0.7993266711799082,0.3564682143817834
39,5.75,0.17912984583690708,-1.0492737509776164,0.05548025738266719,-0.39624092521355303
40,7.4,-1.6290278921403256,-0.8851493808380696,-0.4787740729689424,0.4198634716512667
41,7.666666666666667,0.17912984583690708,-0.3927762704194287,0.05548025738266719,1.6199369350242925
42,7.75,0.4713573590453486,1.576716171255135,0.05548025738266719,1.614469839061955
43,8.8,0.5626784569229862,0.20901308675891023,0.5897345877342768,1.6342306449344433
44,8.0,1.7133242901812258,-1.4869387380164085,1.3376906502265304,-0.30747001375908434
45,8.166666666666666,0.8366417505559003,-0.06452753014033472,1.1239889180858864,0.3761649936483999
46,8.5,1.0192839463111756,-1.3410504090034778,0.05548025738266719,0.6185158989428609
47,7.833333333333333,1.3845683378217282,-0.8851493808380696,0.5897345877342768,0.8064328851707222
48,8.333333333333334,0.6539995548006239,-0.793969175204988,0.05548025738266719,0.5820059440899291
49,8.0,1.2019261420664529,-0.6116087639388246,2.192497578789106,-0.470192608879241
50,7.25,0.8366417505559003,-1.0492737509776164,-0.3719232068986204,0.08182742830290643
51,8.0,0.014751869657158315,-0.33806814703957966,0.05548025738266719,-1.5215591766285892
0,7.2,0.5015211314548853,1.2472173974903524,-0.0015976855467258703,0.14820871733718158
1,7.4,0.729444170456926,-0.48445634447972374,2.1456916892528515,-0.11845008900049199
2,7.666666666666667,0.9573672094589666,-0.8555292891875974,0.9378414159280893,-0.5305406483646101
3,7.4,1.2612645947950205,0.6287624896438967,1.3404581737030101,2.0648828783990334
4,7.2,0.9573672094589666,0.6287624896438967,1.7430749314779308,-0.6016380669943342
5,6.2,0.729444170456926,0.6287624896438967,0.5352246581531684,-0.5001038914552518
6,5.2,-0.41017102455327625,-0.48445634447972374,-1.0752423729465144,0.03700991448684209
7,7.0,-1.5497862195634784,0.25768954493602314,-1.880475888496356,-0.8704859915142434
8,8.4,0.5015211314548853,0.1649213087590548,1.3404581737030101,0.6060912447137832
9,7.6,2.096982404469169,2.113054268475391,-0.6726256151715937,0.7481723581502917
10,6.2,1.1852902484610062,1.3709083790596437,1.3404581737030101,2.9980413052714048
11,6.75,-0.41017102455327625,-1.5976751786033443,0.1326079003782478,-0.3228356795979566
12,6.2,0.21661733270233477,-1.6904434147803127,0.8371872264843591,0.005795278679540763
13,6.4,-0.41017102455327625,-0.11338339977185034,0.1326079003782478,-0.03011027454643258
14,7.0,-0.1822479855512356,-1.226602233895471,-0.6726256151715937,-0.8056333376920449
15,8.333333333333334,0.5015211314548853,-0.48445634447972374,-0.6726256151715937,1.1130399674642188
16,7.25,2.0210080581351555,0.6287624896438967,1.3404581737030101,3.04500455785411
17,5.0,0.7864249302074359,-2.1542845956651546,-0.6726256151715937,-0.5473690085657096
18,6.6,-1.7777092585655192,0.1649213087590548,-1.6791675096088954,-0.9399714511896078
19,4.8,0.04567505345080404,-0.8555292891875974,0.1326079003782478,-0.05262366780554475
20,7.6,-2.00563229756756,0.9998354343517701,-1.0752423729465144,-0.780222580623491
21,6.0,1.1852902484610062,-0.11338339977185034,1.3404581737030101,0.14751534016431245
22,6.0,-0.6380940635553168,0.6287624896438967,0.1326079003782478,-0.8302546625689322
23,5.0,-0.6380940635553168,-0.7627610530106289,0.3339162792657081,-0.6802839861231624
24,6.833333333333333,-1.7777092585655192,1.5564448514135802,-0.6726256151715937,0.672492605876239
25,6.0,0.3115852656198513,0.010307581797440894,-0.6726256151715937,-0.9140012567997152
26,7.0,-0.6380940635553168,0.6287624896438967,-0.6726256151715937,0.4691029425767786
27,6.0,0.5015211314548853,1.3709083790596437,-0.6726256151715937,-0.35635517819063156
28,6.0,-0.6380940635553168,1.0926036705287385,-0.6726256151715937,-0.7659664715646989
29,6.2,-0.6380940635553168,-0.48445634447972374,-0.27000885739667296,-0.75361341363529
30,6.25,-0.41017102455327625,0.25768954493602314,-0.27000885739667296,-0.8537831645457409
31,6.0,-0.35319026480276633,-0.298919872125787,0.3339162792657081,-0.7460320274088207
32,5.75,-0.6380940635553168,-0.6081473260490149,-0.6726256151715937,-0.7600471788691031
33,5.833333333333333,-0.9229978623078674,1.5564448514135802,-0.1693546679529428,-0.8258843664627488
34,6.4,-0.8280299293903509,-0.9173747799722429,-0.6726256151715937,-0.7203119385031752
35,6.25,-0.1822479855512356,0.6287624896438967,-0.6726256151715937,-0.7938216573111941
36,5.4,-0.35319026480276633,-0.7627610530106289,-0.6726256151715937,0.9234121508150908
37,6.2,-1.3218631805614378,-0.11338339977185034,-0.6726256151715937,0.38358350837118194
38,8.2,-0.41017102455327625,-0.48445634447972374,0.1326079003782478,-0.8122776435954596
39,7.0,1.8690593654671273,0.6287624896438967,1.7430749314779308,0.24473954403623396
40,6.8,0.5015211314548853,-1.8450571417419266,1.3404581737030101,1.0153998231968384
41,7.0,0.27359809245284467,-0.8555292891875974,-1.4778591307214353,1.2901254955353103
0,7.0,0.8284328694054667,0.7585426743362038,1.3318338499281057,-1.113494014656873
1,6.6,0.06704737900538006,-1.1861904575716655,-1.0477092952767766,-1.113494014656873
2,6.4,-0.5420610133146898,-1.056541582111141,-0.5718006662358001,-1.113494014656873
3,6.2,-0.8466152094747234,1.017840425257253,-1.0477092952767766,-1.113494014656873
4,8.0,-1.1511694056347583,-1.056541582111141,-0.5718006662358001,-1.113494014656873
5,8.2,1.5898183598055533,-0.019350578426943956,1.3318338499281057,-1.113494014656873
6,7.2,1.8943725559655868,-1.056541582111141,1.3318338499281057,-1.113494014656873
7,7.0,0.371601575165415,-0.5379460802690424,-0.09589203719482355,-1.113494014656873
8,6.6,0.06704737900538006,1.017840425257253,-0.09589203719482355,-1.113494014656873
9,6.4,-0.5420610133146898,0.49924492341515453,-1.523617924317753,-1.113494014656873
10,6.8,-0.8466152094747234,-0.5379460802690424,-1.0477092952767766,-1.113494014656873
11,6.75,-0.23750681715465485,-1.056541582111141,0.38001659184615283,-1.113494014656873
12,8.0,-0.31364536619466327,1.406787051638827,-0.45282350897555596,-1.113494014656873
13,6.75,1.5898183598055533,2.05503142894145,1.3318338499281057,-1.113494014656873
14,6.75,-0.31364536619466327,-0.5379460802690424,-1.0477092952767766,-1.113494014656873
15,6.4,-0.31364536619466327,0.11029829703358063,-1.0477092952767766,-1.113494014656873
16,6.4,-0.8466152094747234,-0.5379460802690424,-1.0477092952767766,-1.113494014656873
17,6.6,-0.8466152094747234,-0.5379460802690424,-1.0477092952767766,-1.113494014656873
18,6.6,-0.5420610133146898,-1.056541582111141,-0.5718006662358001,-1.113494014656873
19,7.75,-0.5420610133146898,1.5364359270993517,-0.5718006662358001,-1.113494014656873
20,7.0,1.20912561460551,2.05503142894145,1.3318338499281057,-1.113494014656873
21,7.4,0.06704737900538006,-1.056541582111141,-1.0477092952767766,0.008863093737751312
22,6.8,0.6761557713254499,0.49924492341515453,-0.09589203719482355,-0.0436501472808981
23,6.8,-0.23750681715465485,-0.019350578426943956,-0.09589203719482355,0.5351417041551026
24,6.0,-0.23750681715465485,-0.019350578426943956,-0.5718006662358001,0.29973506819311346
25,7.2,-1.4557236017947932,-0.5379460802690424,-1.523617924317753,0.2276831207416751
26,8.0,0.371601575165415,1.017840425257253,0.8559252208871294,0.15147354809090055
27,8.0,1.5898183598055533,2.05503142894145,1.3318338499281057,2.436796667409883
28,6.4,1.5898183598055533,1.017840425257253,1.3318338499281057,-0.5727324100401842
29,7.25,-0.8466152094747234,-1.056541582111141,-1.0477092952767766,0.4327737641327671
30,6.2,0.44774012420542336,0.7585426743362038,1.3318338499281057,0.6506871496711759
31,5.8,-1.1511694056347583,-0.019350578426943956,-0.5718006662358001,0.46749093776051187
32,6.6,-1.760277797954828,-0.5379460802690424,-1.9995265533587294,0.15128125390959402
33,8.0,-0.5420610133146898,-0.019350578426943956,-0.09589203719482355,0.7014740627997629
34,7.8,1.5898183598055533,2.05503142894145,1.3318338499281057,3.561161837849499
35,8.0,1.2852641636455184,1.5364359270993517,0.8559252208871294,0.1826222885510432
36,6.6,1.5898183598055533,2.05503142894145,1.3318338499281057,1.5192080338346414
37,6.2,-0.5420610133146898,1.017840425257253,-0.09589203719482355,0.4900070187745728
38,6.8,-1.1511694056347583,-1.056541582111141,-0.5718006662358001,0.2690106095673911
39,7.2,-0.23750681715465485,-0.5379460802690424,-0.09589203719482355,0.8086089141816255
40,7.8,0.371601575165415,-0.019350578426943956,0.8559252208871294,1.239750436867005
41,7.4,1.2852641636455184,-0.5379460802690424,0.8559252208871294,-0.3491314968799881
42,6.5,0.6761557713254499,-1.056541582111141,-0.09589203719482355,-0.8252747979902457
43,6.8,-0.6943381113947066,0.11029829703358063,-0.45282350897555596,0.519994285675854
44,6.6,-0.23750681715465485,-0.5379460802690424,-0.09589203719482355,0.3889073968746761
45,6.8,-0.5420610133146898,-1.056541582111141,-0.09589203719482355,0.624464768099907
46,8.0,-0.23750681715465485,-0.019350578426943956,0.38001659184615283,0.7481616338096384
47,6.2,1.5898183598055533,1.017840425257253,1.3318338499281057,0.05499555245259981
48,6.4,-1.1511694056347583,0.49924492341515453,-1.0477092952767766,0.09258500730250564
49,7.0,-0.8466152094747234,-0.5379460802690424,-0.09589203719482355,-0.8608797290387187
50,6.0,0.06704737900538006,0.49924492341515453,0.38001659184615283,1.0232804845671788
51,6.4,-1.4557236017947932,-0.5379460802690424,-1.0477092952767766,0.4083764609697996
52,7.4,-0.8466152094747234,-0.019350578426943956,-0.5718006662358001,1.2114439875798277
53,7.4,0.6761557713254499,1.017840425257253,0.8559252208871294,0.6483958586046107
54,7.2,0.6761557713254499,-0.5379460802690424,-1.0477092952767766,1.0817685541509308
55,7.4,0.371601575165415,0.49924492341515453,0.8559252208871294,0.4391232957240219
56,7.6,0.6761557713254499,-1.5751370839532395,1.3318338499281057,0.12015483864824987
57,7.0,0.9807099674854834,-1.5751370839532395,0.8559252208871294,0.8352047736795158
58,6.6,0.06704737900538006,-0.019350578426943956,0.8559252208871294,1.0051535038400379
59,6.2,-0.5420610133146898,-1.056541582111141,-0.09589203719482355,1.2471045471305937
60,7.6,-1.1511694056347583,-0.019350578426943956,-1.0477092952767766,0.5981818560055305
61,8.0,0.9807099674854834,-1.056541582111141,1.3318338499281057,1.170350879572372
62,7.2,1.5898183598055533,-1.8344348348742887,1.3318338499281057,1.0171324625235096
63,5.8,0.371601575165415,-0.019350578426943956,1.3318338499281057,-0.21427637290271354
64,5.4,-1.760277797954828,-0.5379460802690424,-1.523617924317753,-0.6670317370386136
65,7.4,-2.3693861902748967,1.017840425257253,-1.9995265533587294,0.19121113920965033
66,6.4,0.6761557713254499,-0.5379460802690424,0.8559252208871294,-0.6434097976833332
0,7.2,-0.7391874757590172,0.37553985155405023,-1.340580140883687,-0.9307404251234337
1,7.4,0.8166868925937378,-0.7495427050799119,-0.5359022703409573,-0.9307404251234337
2,7.0,1.1757348237520662,1.5006224081880124,1.2746229383801846,-0.9307404251234337
3,7.2,0.45763896143540966,0.37553985155405023,0.6711145354731375,-0.9307404251234337
4,6.8,0.8166868925937378,-1.4995977428358869,1.2746229383801846,-0.9307404251234337
5,6.6,0.09859103027708141,-1.4995977428358869,-0.5359022703409573,-0.9307404251234337
6,7.0,-0.2604569008812468,1.1255948893100252,-1.1394106732480045,-0.9307404251234337
7,6.6,0.45763896143540966,1.5006224081880124,0.6711145354731375,-0.9307404251234337
8,7.4,-0.2604569008812468,0.37553985155405023,-0.5359022703409573,-0.9307404251234337
9,6.4,1.1757348237520662,0.0005123326760627832,1.2746229383801846,-0.9307404251234337
10,7.0,-0.6195048320395734,-0.7495427050799119,-0.5359022703409573,-0.9307404251234337
11,5.4,0.45763896143540966,-1.9683821414333713,1.4255000391069466,-0.9307404251234337
12,6.4,-2.414744487831213,0.37553985155405023,-1.742919076155052,-0.82064210736441
13,7.0,-0.6195048320395734,0.0005123326760627832,-0.5359022703409573,-0.366107244609515
14,6.4,0.45763896143540966,0.0005123326760627832,0.6711145354731375,0.3181146337803599
15,6.6,-0.6195048320395734,0.0005123326760627832,0.06760613256609029,0.20925036423305518
16,6.4,-0.2604569008812468,-0.37451518620192464,-0.5359022703409573,-0.7535245846200898
17,7.2,-0.6195048320395734,-0.37451518620192464,0.06760613256609029,-0.490164192546226
18,6.8,0.8166868925937378,0.0005123326760627832,0.06760613256609029,-0.09473432928542619
19,7.2,0.09859103027708141,-1.1245702239578994,0.6711145354731375,-0.013024232185311577
20,6.5,0.8166868925937378,-0.7495427050799119,0.6711145354731375,-0.5958676793975233
21,6.333333333333333,-0.4399808664604101,-0.09324454704343405,-0.8376564717944809,0.8429710823778442
22,6.25,-0.7391874757590172,0.37553985155405023,-0.8376564717944809,0.7936271614652992
23,7.166666666666667,-0.88879078040832,-0.09324454704343405,-0.8376564717944809,-0.6025640752454019
24,6.8,0.7568455707340167,0.0630169191557274,0.6711145354731375,-0.4364053956928167
25,7.6,0.09859103027708141,0.37553985155405023,-0.5359022703409573,0.623900016470736
26,7.2,1.5347827549103927,0.37553985155405023,1.2746229383801846,0.6335626029210386
27,6.6,0.8166868925937378,-1.4995977428358869,0.6711145354731375,0.3049693840906299
28,7.0,-0.2604569008812468,-0.37451518620192464,0.06760613256609029,-0.766460685658057
29,7.5,0.45763896143540966,0.37553985155405023,1.6769618736515495,0.6302576812548489
30,7.4,1.3552587893312293,0.8443242501515345,1.4255000391069466,-0.31393496083280953
31,7.6,1.1757348237520662,0.7505673704320376,1.2746229383801846,1.614132145186513
32,7.0,1.5347827549103927,0.37553985155405023,-2.346427479062099,-0.7864629266497258
33,6.5,0.45763896143540966,0.37553985155405023,0.6711145354731375,1.1000411112180255
34,6.25,-0.4399808664604101,-0.09324454704343405,-0.8376564717944809,0.2216248227512817
35,7.6,-0.88879078040832,0.8443242501515345,-0.8376564717944809,-0.1307739892619519
36,7.6,1.5347827549103927,2.6257049648219746,1.8781313412872318,3.1630659448308562
37,7.0,1.5347827549103927,1.5006224081880124,0.6711145354731375,0.5384554396729585
38,7.6,0.45763896143540966,0.37553985155405023,0.06760613256609029,-0.4347542143401465
39,6.6,1.5347827549103927,0.37553985155405023,1.2746229383801846,-0.8350785023860275
40,6.4,-0.2604569008812468,0.7505673704320376,-0.5359022703409573,0.3554892913667282
41,6.6,-0.6195048320395734,-1.1245702239578994,-0.5359022703409573,-0.255137111602151
42,6.2,-0.2604569008812468,-0.7495427050799119,0.06760613256609029,0.42870121278576984
43,6.0,-0.9785527631979016,-1.4995977428358869,0.06760613256609029,0.9951744512157609
44,7.8,-1.33760069435623,-0.37451518620192464,-0.5359022703409573,0.04115880621407553
45,6.4,1.8938306860687208,3.0007324836999616,1.2746229383801846,-0.15779287438698858
46,6.4,-0.6195048320395734,-1.8746252617138741,0.06760613256609029,-0.8336466935065489
47,6.0,-0.6195048320395734,-1.4995977428358869,-0.5359022703409573,-0.35018178506042247
48,5.6,-1.33760069435623,-0.7495427050799119,-1.1394106732480045,0.6031482090553244
49,6.666666666666667,-2.055696556672886,0.37553985155405023,-1.1394106732480045,1.5459966397350666
50,6.333333333333333,-0.140774257161803,1.000585716350696,0.6711145354731375,1.6060419772948127
51,6.0,-0.7391874757590172,0.37553985155405023,-2.346427479062099,-0.36948317420873283
52,6.0,-1.33760069435623,-0.5620289456409183,-1.59204197542829,0.004235132720777643
53,5.8,-1.33760069435623,-1.1870748104375641,-0.33473280270527483,-0.8231335563654223
54,5.75,-1.696648625514558,-1.1245702239578994,-0.5359022703409573,-0.48974879366473467
55,6.666666666666667,-1.7864106083041398,-0.09324454704343405,-1.59204197542829,-0.3164681406937538
56,7.0,-0.140774257161803,-0.5620289456409183,0.6711145354731375,-0.24058832893500046
57,7.2,0.45763896143540966,1.1255948893100252,0.06760613256609029,-0.1912609188357874
58,7.4,0.8166868925937378,-0.37451518620192464,0.6711145354731375,2.6708883806540045
59,6.8,1.1757348237520662,1.1255948893100252,0.6711145354731375,3.465096907390191
60,6.666666666666667,0.09859103027708141,0.0005123326760627832,0.6711145354731375,-0.07307779986976265
0,5.25,0.6619183223638664,-0.7454579053943927,1.718825435716104,-1.3860593771796073
1,7.0,-0.6519985654892023,-0.3706021113123335,-1.029523276444388,-1.3860593771796073
2,6.0,0.8314559853126495,1.2537729963765898,1.0525590812529546,-1.3860593771796073
3,7.75,-0.01623232943126578,0.1541960004025493,-0.6131068049049194,-1.3860593771796073
4,8.0,1.467222221370586,0.753965270933844,1.8853920243318916,-1.3860593771796073
5,7.666666666666667,1.679144300056565,1.5036768590979626,1.0525590812529546,-1.3860593771796073
6,6.6,1.39658152847526,0.004253682769725667,1.607781043305579,1.271170719411034
7,6.8,0.49238065941508313,1.0538499061994915,0.3862927267898049,0.6570044672879373
8,8.25,0.6619183223638664,1.0538499061994915,0.05315954955823019,0.3881367049494931
9,7.0,1.8910663787425437,1.1288210650159032,1.8853920243318916,0.5542736792665702
10,6.2,0.8314559853126495,1.0538499061994915,1.0525590812529546,-0.5577899238144355
11,4.333333333333333,0.15330533351751743,1.0538499061994915,-0.6131068049049194,-0.14840852770559776
12,6.6,-1.4290461873377915,-0.7454579053943927,-0.6131068049049194,-0.3700812253531875
13,5.5,0.49238065941508313,-0.7454579053943927,0.7194259040213798,0.21135072034483213
14,6.2,-0.4400764868032234,-1.120313699476452,-0.19669033336545094,1.7031981668936897
15,6.5,0.15330533351751743,0.1541960004025493,-0.2799736276733446,0.39927690238040975
16,6.0,0.4076118279406919,-0.3706021113123335,-0.6131068049049194,-0.4044119312610964
17,6.75,-0.01623232943126578,0.753965270933844,0.4973371192003298,3.188991861435721
18,5.4,0.6195339066266707,-0.3706021113123335,1.0525590812529546,-0.27218055009567943
19,6.8,-0.5248453182776147,-0.14568863486309797,-0.2799736276733446,0.20664138036299362
20,6.4,0.6619183223638664,0.1541960004025493,0.3862927267898049,0.13300075529965272
21,6.2,0.32284299646630066,-0.7454579053943927,0.3862927267898049,0.014111733347024022
22,3.5,0.15330533351751743,1.3537345414651387,-0.6131068049049194,0.5712539120756474
23,6.4,-2.135453116291054,1.5036768590979626,-2.2787726910627932,-0.02756910692221528
24,6.5,0.32284299646630066,0.753965270933844,-0.6131068049049194,1.6427994875994014
25,6.2,0.4076118279406919,0.37910947685178487,1.0525590812529546,-1.0632743786006706
26,6.0,0.15330533351751743,0.4540806356681967,0.05315954955823019,-0.7263498619362982
27,4.75,-0.01623232943126578,-0.3706021113123335,0.21972613817401757,-0.997926123817776
28,3.8,-1.07584272286116,-1.120313699476452,-0.6131068049049194,0.7096623245067853
29,5.2,-1.8811466218678796,-1.04534254066004,-1.279373159368069,0.9496794549462304
30,7.0,-0.6943829812263979,-0.7454579053943927,-1.279373159368069,-0.45109593301992795
31,3.0,0.8314559853126495,1.1288210650159032,0.636142609713486,-1.3242401753962016
32,6.6,-2.5592972736630117,-2.2448810817226295,-2.2787726910627932,0.33088210462324846
33,6.0,0.49238065941508313,0.1541960004025493,0.7194259040213798,-0.16399435090862324
34,6.0,-0.01623232943126578,0.4540806356681967,0.05315954955823019,0.41365052502188265
35,5.6,-0.01623232943126578,-0.24565017995164706,-0.6131068049049194,0.10476630388433356
36,3.3333333333333335,-0.35530765532883224,-0.14568863486309797,0.05315954955823019,1.7387741197015885
37,5.4,-2.2767345020817067,1.2537729963765898,-1.7235507290101686,0.11798136087969405
38,6.0,-0.5248453182776147,0.1541960004025493,-0.9462399821364942,-1.0119218365573786
39,6.75,-0.01623232943126578,-0.14568863486309797,0.05315954955823019,-1.1208652101243408
40,5.0,0.6195339066266707,1.1288210650159032,0.636142609713486,0.4828674959619993
41,5.0,-0.8639206441751811,-2.2448810817226295,-0.6131068049049194,1.2769728560295868
42,5.0,-0.8639206441751811,-2.2448810817226295,0.21972613817401757,-0.9084336854913151
43,6.2,-0.8639206441751811,-1.7450733562798841,-1.168328766957544,0.6627561607232528
44,5.666666666666667,0.15330533351751743,-0.14568863486309797,0.3862927267898049,-0.21701885537261148
45,8.0,-0.2987951010125706,-0.24565017995164706,-0.6131068049049194,0.11111359495248264
46,5.5,1.679144300056565,-0.7454579053943927,1.0525590812529546,0.24160114756950085
0,6.4,0.1556990296594454,1.0019090448857983,-0.2067234156326661,-1.1048195814692512
1,5.8,-0.793206867635132,-0.5221572722872921,-0.9552797838183198,2.7028118997300505
2,6.0,-1.7421127649297108,-0.5221572722872921,-2.078114336096801,1.0033974219879631
3,6.5,-1.4258107991648512,-0.5221572722872921,-1.5166970599575604,0.3541616641520425
4,5.75,-0.6350558847527029,-1.1753285510757596,-1.3763427409227502,0.6923120338581533
5,7.0,-1.8211882563709254,0.04936759665261675,-2.078114336096801,0.8045151068452936
6,6.6,0.1556990296594454,0.13101400650117515,0.7289720445994013,1.8858333673702343
7,6.2,-0.4769049018702738,-1.1753285510757596,0.16755476846016107,0.6574406730858965
8,8.0,-1.1095088333999916,-0.19557163289305854,-0.39386250767907954,0.4254749684087486
9,6.5,1.737208858483742,0.04936759665261675,1.4307436397734519,2.5327785361064943
10,6.75,-0.6350558847527029,-1.1753285510757596,0.7289720445994013,-0.8950569115776477
11,6.2,-0.23967842754662874,0.04936759665261675,0.027200449425350843,-0.08244524876035056
12,7.0,-1.1095088333999916,0.45759964589540886,-0.9552797838183198,0.037247991551845
13,7.333333333333333,0.1556990296594454,-1.1753285510757596,0.7289720445994013,0.2893969069711424
14,7.5,0.6828689726008772,-0.35886445259017535,0.7289720445994013,0.41895479402127944
15,7.4,0.9464539440715938,-1.1753285510757596,0.7289720445994013,-1.0209427213152613
16,7.4,0.7883029611891647,-2.1550854692584607,-0.39386250767907954,-0.7385529841250184
17,7.0,0.7883029611891647,-1.1753285510757596,0.7289720445994013,-0.4676308670143549
18,6.8,0.1556990296594454,0.13101400650117515,0.7289720445994013,-0.9109665192324778
19,8.0,-0.1606029361054142,0.13101400650117515,0.16755476846016107,-0.23535807235581463
20,6.666666666666667,1.737208858483742,1.0019090448857983,0.7289720445994013,1.4664643331673464
21,7.75,-0.37147091328198634,-0.08670975309498058,0.7289720445994013,0.0373630118489024
22,7.5,1.341831401277668,2.0905278428665772,0.7289720445994013,-0.5308173559081809
23,7.5,0.9464539440715938,0.45759964589540886,0.7289720445994013,0.2936642352948607
24,6.0,0.9464539440715938,0.45759964589540886,0.7289720445994013,-0.9584163346550142
25,6.0,-1.4258107991648512,-1.1753285510757596,-1.1424188758647333,-1.0651151104080945
26,6.2,-1.4258107991648512,1.274063744380993,-1.3763427409227502,0.18030975943863312
27,6.5,-1.1095088333999916,0.45759964589540886,-0.9552797838183198,0.06260021619732065
28,6.75,-0.6350558847527029,-1.1753285510757596,-2.078114336096801,-0.6473094351747615
29,7.5,-0.23967842754662874,0.8658316951382009,0.7289720445994013,-1.0666296588934085
30,7.0,0.9464539440715938,-1.1753285510757596,-0.6745711457486997,-0.9291843838511562
31,7.0,0.1556990296594454,0.8658316951382009,0.7289720445994013,-0.17967174229821053
32,7.0,0.1556990296594454,-0.19557163289305854,-0.39386250767907954,-0.937205159098884
33,7.333333333333333,0.1556990296594454,-1.1753285510757596,-1.1424188758647333,-0.12392587058858005
34,8.0,0.6828689726008772,1.0019090448857983,0.7289720445994013,0.3161531081983404
35,8.0,1.737208858483742,1.7639422034723435,1.851806596877882,-0.9751276296345106
36,7.666666666666667,1.737208858483742,-1.1753285510757596,0.7289720445994013,1.826851346116329
37,7.0,1.2100389155423104,0.45759964589540886,0.7289720445994013,-1.0361930595250777
38,6.0,0.1556990296594454,2.0905278428665772,0.7289720445994013,0.14135091224716936
39,6.666666666666667,-1.4258107991648512,0.45759964589540886,-0.6745711457486997,0.7171118175552668
40,6.8,-0.37147091328198634,1.0019090448857983,0.7289720445994013,-0.8303134936925569
41,6.8,-0.1606029361054142,0.7841852852896426,0.7289720445994013,-1.0209427213152613
42,7.0,-0.1606029361054142,0.45759964589540886,0.16755476846016107,-1.0895692432594348
0,7.0,0.04827167429193773,-2.843007256140309,1.4486143816191603,-0.6773314421636693
1,7.5,0.04827167429193773,0.0971531256594711,-0.8265235318494757,-0.6773314421636693
2,7.6,1.3544463904266721,1.8612493547393394,-0.06814422735993032,-0.5559728728187953
3,6.8,1.615681333653618,1.3908236936513747,0.8419109380275243,0.0022765461676262787
4,6.0,-0.47419821216195646,-0.9613046117884498,-0.3714959491557484,-0.1530624225938126
5,6.8,-2.564077757977531,-2.2549751797803532,-3.1016614453181117,0.5641667222343947
6,7.0,-0.47419821216195646,0.4499723714754448,-0.3714959491557484,-0.27214242288159973
7,6.25,0.04827167429193773,0.0971531256594711,0.690235077129615,0.21916858130078581
8,7.4,-1.9109903999101638,0.6851852020194271,-1.584902836339021,-0.30285357104234306
9,7.5,1.093211447199726,1.8612493547393394,1.4486143816191603,1.4953309947624795
10,7.0,1.3544463904266721,1.8612493547393394,1.4486143816191603,5.302612062305008
11,6.25,0.04827167429193773,1.3908236936513747,0.8419109380275243,-0.48073055982497304
12,6.5,-1.9109903999101638,-0.490878950700485,-1.584902836339021,-0.6773314421636693
13,6.666666666666667,-1.2579030418427966,-0.490878950700485,-0.8265235318494757,0.3784881111367371
14,7.0,-0.8225114697978844,0.2931638177794564,-0.5737304303529606,0.18807377842329087
15,7.0,0.04827167429193773,1.2732172783793834,-0.06814422735993032,-0.42975996070012573
16,7.0,0.04827167429193773,0.4499723714754448,0.8419109380275243,0.7470063419699071
17,6.8,0.04827167429193773,0.9203980325634096,0.8419109380275243,0.26992527995100984
18,7.25,-0.47419821216195646,0.9203980325634096,1.4486143816191603,-0.22103325106077218
19,7.75,0.7013590323593049,0.6851852020194271,0.690235077129615,-0.6243749755404515
20,7.0,2.007533748494039,0.0971531256594711,1.4486143816191603,0.4135878134612934
21,7.5,0.04827167429193773,0.6851852020194271,-0.06814422735993032,-0.3338866909176752
22,6.8,1.3544463904266721,0.6851852020194271,0.690235077129615,0.18916874295873226
23,6.8,-0.47419821216195646,-0.490878950700485,0.23520749443588773,0.045854037045027024
24,6.8,-0.47419821216195646,-0.490878950700485,0.23520749443588773,-0.6773314421636693
25,6.8,-0.47419821216195646,-0.490878950700485,-0.9781993927473847,-0.5986910892281908
26,7.2,-0.47419821216195646,-0.490878950700485,0.23520749443588773,1.0046983289562874
27,6.4,0.5707415607458319,0.4499723714754448,0.23520749443588773,-0.6045163005567447
28,6.75,-1.5191379850697426,-1.431730272876415,-0.3714959491557484,-0.4480160057728668
29,7.5,-0.6048156837754294,-0.490878950700485,-0.06814422735993032,-0.5761993010429409
30,7.6,1.3544463904266721,-0.490878950700485,1.4486143816191603,-0.10686247067769372
31,7.4,1.615681333653618,-1.431730272876415,0.23520749443588773,2.0554208223442085
32,6.4,1.093211447199726,-0.020453289612520093,0.8419109380275243,0.2729979395986373
33,7.0,-1.5191379850697426,-0.490878950700485,-1.584902836339021,-0.6773314421636693
34,7.0,0.04827167429193773,-1.2749217191804263,-0.5737304303529606,0.17460571463734864
35,7.0,0.04827167429193773,-0.9613046117884498,-0.3714959491557484,-0.09693479814574574
36,7.0,0.04827167429193773,0.6851852020194271,-0.8265235318494757,0.011452758530077227
37,6.8,0.04827167429193773,0.6851852020194271,0.690235077129615,0.047907368241298896
38,6.8,-0.47419821216195646,-0.490878950700485,-1.584902836339021,-0.39591132201599266
39,7.25,-0.47419821216195646,-0.490878950700485,-0.9781993927473847,0.21424057839174376
40,7.0,0.7013590323593049,0.0971531256594711,0.690235077129615,-0.6227200859584757
41,7.0,0.04827167429193773,-0.020453289612520093,0.23520749443588773,-0.6773314421636693
42,7.2,0.04827167429193773,-0.020453289612520093,-0.3714959491557484,-0.6773314421636693
43,6.75,0.5707415607458319,-0.020453289612520093,-0.9781993927473847,-0.6773314421636693
44,7.333333333333333,-0.6048156837754294,-0.490878950700485,-0.06814422735993032,-0.6773314421636693
45,7.0,0.9190548183817598,-0.490878950700485,0.4374419756330998,-0.6773314421636693
0,7.25,1.6383183555886887,0.6182398003609442,2.3919537779899187,0.3210538873163698
1,8.0,-0.6268925002724699,-1.615705424210035,-1.1072174243502333,0.772918382962752
2,8.2,0.7322340132442253,-2.062494469124231,0.2924510565858274,-1.4608565394350423
3,7.75,1.0946677501820095,1.6011756991721753,0.4324179046794336,0.27344570573182664
4,7.2,0.2791918420719936,0.17145075544674832,0.4324179046794336,-0.18017919700662535
5,7.8,-0.7175009345069159,-0.9008429523473217,-1.2471842724438393,0.8593778958504681
6,7.6,0.36980027630643963,-1.2582741882786785,0.9922852970538577,0.11495105847385151
7,8.6,0.007366539368653912,0.8863132273094618,-0.687316880069415,-0.7751779505814279
8,7.2,1.8195352240575808,0.8863132273094618,2.112020081802706,0.5020373667286592
9,8.25,-0.7175009345069159,0.528881991378105,-0.1274494876949909,-1.4112822002276884
10,8.2,1.185276184416457,1.9586069351035318,0.2924510565858274,-0.16943777019606612
11,8.0,1.0946677501820095,0.17145075544674832,-0.1274494876949909,-0.6903601304225231
12,8.25,0.7322340132442253,-1.2582741882786785,0.9922852970538577,0.16116653133428208
13,7.8,1.185276184416457,-0.7221273343816433,0.9922852970538577,0.8847818136152669
14,7.6,0.36980027630643963,0.17145075544674832,0.9922852970538577,-1.2451138745871653
15,8.0,0.007366539368653912,1.6011756991721753,0.4324179046794336,-0.30851585969519046
16,7.0,0.7322340132442253,-0.27533828946744754,-1.1072174243502333,0.33648861977069083
17,7.5,-1.0799346714447016,-0.9008429523473217,-1.2471842724438393,-0.7439092533404921
18,7.2,-0.17385032910023812,-0.7221273343816433,0.2924510565858274,-1.5472029752992205
19,6.4,-0.7175009345069159,0.17145075544674832,-0.687316880069415,-0.23000467579735698
20,7.6,-2.167235882258057,-0.1859804804846084,-1.8070516648182637,0.48687946087137374
21,7.8,0.007366539368653912,1.2437444632408183,-0.1274494876949909,-0.43531353618577573
22,7.5,0.36980027630643963,0.528881991378105,0.9922852970538577,0.7461721549055355
23,6.0,-0.17385032910023812,0.17145075544674832,0.2924510565858274,0.469402194566757
24,6.5,-2.8921033561336285,0.17145075544674832,-1.8070516648182637,1.8108000753649853
25,7.0,-1.986019013789165,-1.1689163792958392,-1.8070516648182637,-1.0777268173376118
26,7.6,-1.0799346714447016,-0.5434117164159651,-0.687316880069415,-0.641479525055378
27,7.8,0.007366539368653912,0.8863132273094618,0.4324179046794336,1.0281559879097613
28,7.6,0.36980027630643963,-0.5434117164159651,-1.2471842724438393,-0.48159890444978937
29,8.0,0.007366539368653912,0.17145075544674832,-0.687316880069415,0.04117055181973193
30,8.0,0.7322340132442253,1.9586069351035318,0.9922852970538577,2.0966807741613795
31,7.333333333333333,0.7322340132442253,-1.615705424210035,0.9922852970538577,3.1447366795941494
32,7.8,-0.4758784432150598,-0.42426797110551284,0.05917297642981715,1.0978826272896016
33,7.8,0.36980027630643963,-0.1859804804846084,0.4324179046794336,-1.2119226843985107
34,7.4,0.36980027630643963,0.8863132273094618,0.9922852970538577,-0.14082341704171522
35,7.0,-0.3550671975691302,-0.5434117164159651,-0.1274494876949909,-0.9055999934584287
36,7.0,-1.0799346714447016,-0.1859804804846084,-0.687316880069415,-0.08102811993087411
37,7.6,-1.0799346714447016,-1.2582741882786785,-0.687316880069415,-1.4602281415300828
38,8.2,0.007366539368653912,-0.1859804804846084,0.4324179046794336,0.2687467937140693
39,7.6,1.0946677501820095,1.2437444632408183,0.4324179046794336,-0.17230047393996584
40,6.0,0.007366539368653912,0.528881991378105,-0.687316880069415,-0.046786522064587166
0,6.75,-1.2398140696797342,-0.9547177429862553,-0.3091529515150341,-0.7803060544187524
1,6.166666666666667,-0.5310988992911789,0.6012608723434565,-0.3091529515150341,-0.7803060544187524
2,6.4,-2.184767630197807,-1.603042166040302,-0.691172617002719,-0.7803060544187524
3,7.2,-1.5233001378351554,-0.5657230891538274,-1.4552119479780887,-0.7803060544187524
4,7.4,0.7445884074082214,0.056668356978057416,1.2953296435332424,0.55064230847375
5,7.0,1.3115605437190663,-0.25452736608788495,1.2953296435332424,-0.7803060544187524
6,7.0,0.17761627109737654,0.36786408004399973,0.8369060449480206,-0.4466989228836432
7,7.0,0.17761627109737654,-0.25452736608788495,0.3784824463627988,-0.004360578107461347
8,7.0,0.17761627109737654,-1.188114535285712,0.8369060449480206,0.016210623692482044
9,7.0,0.17761627109737654,-0.25452736608788495,0.8369060449480206,0.844215629578302
10,7.0,0.17761627109737654,0.9902555261758845,0.3784824463627988,-0.7803060544187524
11,7.2,0.17761627109737654,0.6790598031099422,0.8369060449480206,-0.731990538817116
12,7.0,0.7445884074082214,1.6126469723077692,0.3784824463627988,1.762521637059971
13,7.2,0.17761627109737654,0.9902555261758845,0.8369060449480206,-0.7803060544187524
14,7.0,0.7445884074082214,1.3014512492418269,0.8369060449480206,-0.3088079751824649
15,7.4,0.17761627109737654,-2.4328974275494817,0.3784824463627988,2.873359250153766
16,7.2,1.3115605437190663,-1.810505981417597,0.8369060449480206,2.0542425398578943
17,7.2,0.7445884074082214,-0.25452736608788495,0.8369060449480206,-0.7803060544187524
18,7.2,0.7445884074082214,0.36786408004399973,0.8369060449480206,2.266639080268578
19,7.2,0.7445884074082214,0.6790598031099422,0.8369060449480206,1.3436593496881124
20,7.2,0.7445884074082214,0.36786408004399973,0.8369060449480206,-0.7803060544187524
21,7.8,0.7445884074082214,0.36786408004399973,0.8369060449480206,1.051055704023028
22,6.2,2.4455048163407533,0.9902555261758845,0.8369060449480206,0.7683333667073865
23,6.8,-2.0902722741460003,-0.8769188122197696,-1.4552119479780887,-0.7065613200794126
24,6.8,-0.3893558652134683,0.056668356978057416,-0.538364750807645,0.4163698619059899
25,7.0,-0.3893558652134683,-0.25452736608788495,-0.0799411522224232,-0.7803060544187524
26,7.2,0.17761627109737654,-0.5657230891538274,0.8369060449480206,-0.6819797419662992
27,7.0,0.7445884074082214,0.056668356978057416,-1.4552119479780887,-0.6918123732115445
28,7.4,0.17761627109737654,0.056668356978057416,0.3784824463627988,-0.37997749657662144
29,7.0,1.3115605437190663,0.9902555261758845,0.8369060449480206,0.30808721221454144
30,7.0,0.17761627109737654,2.5462341415055962,0.8369060449480206,-0.7803060544187524
31,7.0,0.17761627109737654,0.9902555261758845,0.8369060449480206,0.1710920614406334
32,7.0,0.17761627109737654,-0.8769188122197696,0.8369060449480206,-0.7803060544187524
33,6.4,0.17761627109737654,-0.25452736608788495,0.8369060449480206,0.6085189678914369
34,6.0,-1.5233001378351554,-0.5657230891538274,-1.4552119479780887,0.24136578590751886
35,7.0,-2.657244410456845,-1.188114535285712,-1.4552119479780887,2.1398444557955187
36,7.0,0.17761627109737654,-0.8769188122197696,0.3784824463627988,-0.4300185663068877
37,7.2,0.17761627109737654,-0.5657230891538274,-1.4552119479780887,-0.7803060544187524
38,7.0,0.7445884074082214,-0.8769188122197696,0.8369060449480206,-0.4300185663068877
39,7.0,0.17761627109737654,-0.5657230891538274,0.8369060449480206,-0.7803060544187524
40,7.0,0.17761627109737654,0.9902555261758845,0.8369060449480206,2.3722813385880293
41,7.0,0.17761627109737654,2.235038418439654,-1.4552119479780887,-0.07973107819502288
42,6.2,0.17761627109737654,0.9902555261758845,-1.4552119479780887,-0.7803060544187524
43,7.0,-2.0902722741460003,-0.8769188122197696,-1.4552119479780887,-0.6246227263690346
44,7.0,0.17761627109737654,-0.5657230891538274,-0.0799411522224232,0.8932897221157141
45,7.0,0.17761627109737654,0.9902555261758845,-0.538364750807645,0.00433791895182474
46,6.0,0.17761627109737654,-0.5657230891538274,-1.4552119479780887,-0.33193806963556555
47,6.6,-2.657244410456845,1.6126469723077692,-2.372059145148533,0.7482211664330171
48,7.0,-0.9563280015243131,-0.8769188122197696,-1.4552119479780887,-0.7803060544187524
49,6.8,0.17761627109737654,-0.25452736608788495,-1.4552119479780887,-0.7803060544187524
50,7.0,-0.3893558652134683,-0.25452736608788495,-0.9967883493928669,0.020351061265510645
51,7.0,0.17761627109737654,-0.8769188122197696,-0.0799411522224232,-0.7803060544187524
52,7.0,0.17761627109737654,0.9902555261758845,0.26387654671649324,-0.7803060544187524
53,7.0,0.17761627109737654,-0.5657230891538274,-0.0799411522224232,-0.7803060544187524
0,7.4,1.9381801641715128,1.3596500020565405,1.746046268050286,2.0470199034156735
1,6.5,0.9110430619405192,0.39559498837341894,-0.1602254222446144,0.12015210759988551
2,7.75,-0.6296625914059727,0.8776224952149797,0.5546264616159732,1.1257840913633346
3,7.0,1.5102063715752654,-0.08643251846814183,0.5546264616159732,1.4179730692385473
4,6.6,0.22628499378652248,0.009972982900170296,0.7929104229028356,-1.241875670170622
5,6.4,-0.45847307436747425,-0.37564902257307836,0.3163425003291107,-1.3847123925728106
6,6.5,-0.8008521084444712,1.5524610047931646,-0.1602254222446144,-0.12408763957574374
7,7.2,-0.6296625914059727,-0.08643251846814183,-0.6367933448183395,-0.37263419006484994
8,6.5,0.5686640278635209,0.7812169938466677,0.7929104229028356,0.21745444956010318
9,6.25,-0.6296625914059727,0.39559498837341894,-0.6367933448183395,0.613001653207642
10,7.5,-1.0576363840022203,-0.08643251846814183,-0.6367933448183395,-0.541270282268169
11,6.8,1.0822325789790177,-1.0504875321512634,-0.6367933448183395,1.4375039211668086
12,7.4,-0.11609404029047589,0.39559498837341894,-0.6367933448183395,-1.648407971306746
13,8.25,0.9110430619405192,-0.37564902257307836,1.269478345476561,-0.13540167288138572
14,6.5,2.3661539567677603,0.8776224952149797,1.746046268050286,0.7551231906007241
15,6.0,-0.6296625914059727,-0.5684600253097026,-0.6367933448183395,-0.488152438240839
16,6.25,-1.485610176598468,-1.9181370444660728,-0.6367933448183395,-0.2521581786490514
17,7.0,-1.0576363840022203,-0.08643251846814183,-1.2325032480354958,-0.9860562149029541
18,7.4,0.22628499378652248,1.3596500020565405,1.746046268050286,1.795940250869286
19,7.2,0.9110430619405192,0.39559498837341894,1.269478345476561,-1.7789687214910637
20,6.0,0.5686640278635209,0.39559498837341894,0.3163425003291107,0.6017902143755685
21,6.2,-1.485610176598468,-1.9181370444660728,-2.0664971125395146,-0.31942757040185144
22,7.0,-1.1432311425214696,1.9380830102664135,-1.58992918996579,0.29463758787003025
23,6.5,0.22628499378652248,-1.5325150389928242,0.3163425003291107,-0.21952142637705582
24,6.4,-0.6296625914059727,-1.0504875321512634,-0.6367933448183395,0.993098238128654
25,7.2,-0.8008521084444712,-0.08643251846814183,-0.6367933448183395,-0.8887591267632332
26,6.666666666666667,0.5686640278635209,0.39559498837341894,0.7929104229028356,0.18031020665959233
27,6.8,-0.34434672967514046,-1.5325150389928242,-0.6367933448183395,-0.5903166492799744
28,7.0,-0.11609404029047589,-0.37564902257307836,-0.6367933448183395,-0.6280387391094887
0,6.75,-0.42413950890240637,0.7416448595399516,-0.4384759887009786,-1.8499507172876755
1,8.2,0.10143609072882911,1.5892389847284676,0.5395373689963714,-0.5480537083104161
2,6.8,1.9304391774455265,1.7587578097661711,1.1263453836147816,-0.14977365865459033
3,7.25,0.1645051626845771,1.4197201596907645,0.3439346974569014,0.5950062385064359
4,7.5,0.7321268102863112,-0.10594926564856451,1.0285440478450465,0.0015921848140292919
5,6.5,1.0474721700650524,-0.5297463282428225,1.0285440478450465,0.393574511739954
6,6.25,-0.21390926904991198,-0.9535433908370806,-1.4164893463983286,1.6052073618349012
7,6.4,-0.529254628828653,-0.9535433908370806,-0.4384759887009786,0.2391861510251622
8,7.75,-0.34004741296140795,1.080682509615358,-0.8296813317799187,-0.6405727910523277
9,7.2,1.3628175298437935,-1.3773404534313387,1.0285440478450465,-0.06433836487313968
10,7.25,0.6690577383305633,-1.292581040912487,0.3439346974569014,0.4270811307117539
11,6.8,0.7321268102863112,0.7416448595399516,0.5395373689963714,-0.07723309921995612
12,7.25,0.1645051626845771,-0.2754680906862677,0.7351400405358414,0.17645073939912437
13,7.0,0.7321268102863112,-0.5297463282428225,0.050530690147696386,1.5000574326306888
14,7.2,0.4167814505075702,-0.9535433908370806,1.0285440478450465,0.023764602283231854
15,7.4,0.6690577383305633,-0.6145057407616743,0.3439346974569014,-0.6386497023782326
16,6.4,0.9213340261535563,0.40260720946454515,1.1263453836147816,0.17925645663504194
17,5.75,-0.34004741296140795,-0.2754680906862677,-0.8296813317799187,0.6220313325988507
18,6.4,-1.1599453483861353,0.31784779694569354,-0.4384759887009786,0.6482544837348342
19,7.4,-0.34004741296140795,-1.292581040912487,-0.04727064562203859,-0.08946170698879387
20,4.5,0.9213340261535563,0.7416448595399516,0.7351400405358414,0.6437142818857635
21,6.8,-2.7366721472798408,-0.9535433908370806,-2.883509382944353,-0.1828877496048117
22,6.25,0.1645051626845771,0.7416448595399516,0.7351400405358414,-0.7924061363072423
23,7.25,-0.529254628828653,0.31784779694569354,0.5395373689963714,0.17918290950828963
24,7.25,0.7321268102863112,-0.10594926564856451,0.050530690147696386,0.06499422852197516
25,6.5,0.7321268102863112,1.1654419221342096,1.0285440478450465,0.16988407042619372
26,6.0,-0.21390926904991198,-0.10594926564856451,0.5395373689963714,1.438181087504959
27,7.2,-0.8445999886073942,-2.6487316412141126,-2.3945027040956783,1.0804624435398809
28,8.0,0.6690577383305633,-0.2754680906862677,0.3439346974569014,0.39506328635680593
29,7.25,1.6781628896225345,2.013036047322726,1.5175507266937214,-0.400831640105095
30,6.666666666666667,0.7321268102863112,-0.10594926564856451,0.5395373689963714,-0.5049810289068724
31,6.5,-0.0036790291974175405,0.1765821094142742,0.21353291643058803,0.8866100327426903
32,6.5,-0.21390926904991198,1.1654419221342096,-0.4384759887009786,1.7914406033172487
33,5.666666666666667,-0.21390926904991198,0.7416448595399516,-0.4384759887009786,-1.8499507172876755
34,5.0,-1.2650604683123818,-0.38848064071140315,-1.0904848938325453,2.0231655055375586
35,5.5,-2.1059814277223583,-0.38848064071140315,-0.4384759887009786,-1.8499507172876755
36,5.666666666666667,-1.4752907081648763,-0.10594926564856451,-1.4164893463983286,-1.8499507172876755
37,5.5,-1.2650604683123818,-1.5186061409627578,-1.0904848938325453,-1.2689832838638904
38,7.0,-1.4752907081648763,0.7416448595399516,0.5395373689963714,-0.7433460821947505
39,9.0,0.4167814505075702,-0.10594926564856451,-1.4164893463983286,-1.5828392536445555
0,6.6,-3.551352931007028,1.7295635362704802,-0.6169841484940833,-0.003914610307876194
1,7.0,-0.3496150553841119,-1.8303643620656609,-1.5723144429365346,-0.5284398935492188
2,6.0,0.3128134706068371,-0.7968369077100073,-0.1393190012728574,-1.8267843172819165
3,5.5,-1.3432578443705339,-0.10781860480623796,-1.5723144429365346,0.09233641885250016
4,6.0,-2.1712935018592194,-1.5719824984767476,-2.1096877335604134,0.07783795750812385
5,6.6,-1.3432578443705339,-0.4523277562581225,-1.5723144429365346,-0.020739602870481638
6,6.6,-0.3496150553841119,0.5811996980975314,-0.8558167221046962,0.5086507766986706
7,7.4,-0.3496150553841119,-0.4523277562581225,1.2936764403908194,0.8875163620097044
8,7.0,0.9752419965977861,0.925708849549416,1.2936764403908194,0.6393437204898005
9,7.2,0.3128134706068371,-0.10781860480623796,-0.1393190012728574,-1.029776546210868
10,6.4,0.6440277336023116,-0.10781860480623796,0.5771787195589809,0.4612891265964371
11,7.6,-0.6808293183795849,0.5811996980975314,-2.2888121637683727,0.5373417943154789
12,6.6,1.3064562595932592,0.23669054664564668,0.5771787195589809,-0.742464576410388
13,7.0,-0.3496150553841119,0.5811996980975314,-0.8558167221046962,-0.8353510058440017
14,8.0,0.3128134706068371,0.23669054664564668,-1.5723144429365346,1.0727453756893284
15,7.25,1.9688847855842082,-0.4523277562581225,1.2936764403908194,0.5939167819028106
16,6.6,0.7268312993511798,-1.5719824984767476,0.5771787195589809,-0.35466825692125287
17,6.8,-0.3496150553841119,-1.1413460591618918,-0.8558167221046962,1.6731459395778652
18,7.2,-0.01840079238863739,-0.10781860480623796,0.5771787195589809,-0.47198782073421797
19,6.75,0.6440277336023116,-0.10781860480623796,-0.1393190012728574,0.17588684029669732
20,6.8,-0.10120435813750565,-0.2800731805321802,-0.31844343148081716,-0.841623204483777
21,7.2,-0.01840079238863739,-0.4523277562581225,0.5771787195589809,0.028792008992568695
22,7.2,0.6440277336023116,0.925708849549416,-0.1393190012728574,-0.9949691320699535
23,7.0,0.6440277336023116,-0.4523277562581225,0.5771787195589809,0.08745044097460138
24,6.4,0.3128134706068371,1.2702180010013007,-0.1393190012728574,0.8206147075388496
25,6.8,-0.6808293183795849,-1.1413460591618918,0.5771787195589809,0.4759421718781297
26,6.8,-0.01840079238863739,-0.4523277562581225,0.5771787195589809,-0.741328346845047
27,6.8,-0.01840079238863739,-0.7968369077100073,0.5771787195589809,-0.19001780978733698
28,6.8,-0.01840079238863739,-1.1413460591618918,0.5771787195589809,-1.0205278078368287
29,7.6,-0.01840079238863739,-0.10781860480623796,-0.1393190012728574,0.011140793083193023
30,6.4,1.3064562595932592,0.925708849549416,1.2936764403908194,-0.17889491824446233
31,6.8,-0.6808293183795849,0.23669054664564668,0.5771787195589809,0.5374102932843208
32,6.0,-0.01840079238863739,1.6147271524531852,1.2936764403908194,0.6178992217119597
33,6.6,-1.3432578443705339,-1.1413460591618918,0.5771787195589809,0.018629785699601487
34,7.25,-0.3496150553841119,-0.4523277562581225,-0.1393190012728574,-0.09603332782983628
35,7.75,0.7268312993511798,-0.7107096198470361,-0.31844343148081716,-0.7512941211650623
36,6.333333333333333,1.5548669568398654,2.3037454553569545,2.368423021638577,3.165813152293108
37,6.4,-0.7912340727114108,-2.0026189377916035,-0.019902714467551,-1.4765922951791688
38,7.2,-0.6808293183795849,0.5811996980975314,-0.8558167221046962,-0.13745742655070908
39,7.0,0.6440277336023116,1.2702180010013007,-0.8558167221046962,-1.9126606089013027
40,6.8,0.3128134706068371,1.2702180010013007,-0.1393190012728574,-1.4838647466702901
41,7.8,-0.01840079238863739,0.23669054664564668,-0.1393190012728574,0.3736381511309473
42,7.4,1.6376705225887336,1.2702180010013007,1.2936764403908194,1.8747734759866217
43,6.6,0.9752419965977861,1.2702180010013007,0.5771787195589809,1.8250733844381966
44,7.0,-0.3496150553841119,-0.10781860480623796,-0.1393190012728574,-0.9177983052555351
0,6.6,-0.9337903346114906,-1.1715950157324726,-0.6064849555973583,0.6624451931592242
1,6.8,-1.1232550401848385,0.1806581627312666,0.4728526772453968,0.3751523993789794
2,7.4,-0.5548609234647998,-0.2700928967566464,-1.469955061871562,-0.15930196658626478
3,6.6,1.1503214266953166,0.6314092222191799,-0.8223524821659092,0.7306604979673345
4,6.6,-1.1232550401848385,-1.1715950157324726,-2.117557641577215,0.11452250689897388
5,7.0,-1.1232550401848385,-0.7208439562445595,-2.117557641577215,-0.05219259217166643
6,7.0,0.013533193255238957,0.1806581627312666,-0.8223524821659092,-0.0837068316017914
7,7.2,0.013533193255238957,-0.7208439562445595,-0.8223524821659092,0.5391449307146827
8,7.8,0.5819273099752778,-0.2700928967566464,-0.8223524821659092,0.39007495999523717
9,7.0,2.2871096601353913,0.1806581627312666,1.1204552569510495,0.9685654855619336
10,6.8,0.013533193255238957,0.1806581627312666,-0.174749902460256,0.5502025916645238
11,6.2,-0.5548609234647998,-2.523848194196212,0.4728526772453968,1.7988396450579967
12,7.0,-2.2600432736249134,-2.9745992536841257,-2.765160221282868,-0.2550068732458093
13,6.75,0.013533193255238957,-1.1715950157324726,-0.3366505473866694,0.07580525476931958
14,7.0,-0.6969594526448089,-1.1715950157324726,-1.1461537720187356,0.02853870012211517
15,6.8,0.013533193255238957,0.1806581627312666,0.4728526772453968,0.18226718179496074
16,7.8,-0.5548609234647998,-0.7208439562445595,-0.174749902460256,-0.5651767917109849
17,8.0,2.2871096601353913,0.6314092222191799,1.1204552569510495,2.5159296814096517
18,6.4,2.8555037768554303,1.532911341195006,2.415660416362356,2.027745865094133
19,7.0,-1.6916491569048748,-0.7208439562445595,-1.469955061871562,-0.24766293795337982
20,7.0,0.013533193255238957,-1.1715950157324726,0.4728526772453968,-0.08400151496688998
21,6.5,0.013533193255238957,0.6314092222191799,0.4728526772453968,-0.09816374012558746
22,7.0,-1.4074520985448566,-0.6081561913725813,-0.3366505473866694,-0.09533906441035345
23,7.0,0.013533193255238957,1.082160281707093,0.4728526772453968,0.6070940029683846
24,7.4,0.013533193255238957,-0.4203432499192842,0.4728526772453968,2.662286821625164
25,6.8,1.1503214266953166,1.082160281707093,1.1204552569510495,-0.5303391245564286
26,7.0,-0.5548609234647998,0.6314092222191799,-0.174749902460256,-0.2591702558939401
27,7.0,0.013533193255238957,-0.4203432499192842,0.4728526772453968,-0.30506540015964695
28,7.0,0.013533193255238957,-0.2700928967566464,-0.174749902460256,-0.13089101737795714
29,7.0,0.013533193255238957,0.6314092222191799,0.4728526772453968,-0.8839775291448136
30,7.4,0.013533193255238957,1.082160281707093,0.4728526772453968,0.5995492953616356
31,7.2,1.1503214266953166,1.082160281707093,1.1204552569510495,-0.7523808345084116
32,7.0,0.5819273099752778,0.6314092222191799,0.4728526772453968,-1.1977102661690908
33,6.75,0.013533193255238957,0.5187214573472015,0.4728526772453968,-1.180050738122458
34,7.0,-0.6969594526448089,-0.044717367012689885,0.4728526772453968,0.7859597587427343
35,7.0,0.013533193255238957,1.082160281707093,0.4728526772453968,-1.2478067562259296
36,7.333333333333333,0.013533193255238957,0.3309085158939043,0.4728526772453968,-1.2478067562259296
37,7.0,0.9608567211219685,1.082160281707093,0.4728526772453968,-1.2478067562259296
38,7.0,0.013533193255238957,-0.2700928967566464,0.4728526772453968,-1.2478067562259296
39,7.0,0.013533193255238957,1.082160281707093,0.4728526772453968,-1.2478067562259296
40,7.0,0.013533193255238957,1.082160281707093,0.4728526772453968,-1.2478067562259296
41,7.0,0.013533193255238957,1.082160281707093,0.4728526772453968,-1.2478067562259296
0,8.0,-0.5560739410513463,-0.094165585030218,-2.1003347718621077,-1.290993126422768
1,7.25,2.2158958557302944,0.3168746670858138,1.484410377941334,-1.290993126422768
2,7.5,0.1369185081440639,-0.094165585030218,-0.08391562509767157,-1.290993126422768
3,7.6,0.8299109573394741,0.5223947931438299,0.5882240904904737,-1.290993126422768
4,7.2,1.107107937017637,-0.3407897362998371,0.05051231801995762,-1.290993126422768
5,7.333333333333333,-0.0016799816950176483,0.6457068687786396,0.5882240904904737,-1.290993126422768
6,6.2,0.3679159912091998,0.3168746670858138,-0.3079621969603868,-1.290993126422768
7,6.4,-2.7736497784766585,-1.3272863413783138,-1.024911226921075,-1.290993126422768
8,7.25,-2.2192558191203298,-0.8340380388390755,-1.5626229993915914,-1.290993126422768
9,8.0,0.1369185081440639,0.5223947931438299,-0.08391562509767157,-1.290993126422768
10,7.4,2.2158958557302944,1.1389551713178778,0.5882240904904737,-1.290993126422768
11,7.4,0.552713977661311,0.6457068687786396,0.5882240904904737,0.842484290026638
12,7.4,0.552713977661311,-0.3407897362998371,0.05051231801995762,1.1574126541999603
13,7.0,0.552713977661311,0.6457068687786396,0.05051231801995762,-0.4007314482711041
14,7.5,-0.5560739410513463,0.3168746670858138,-0.3079621969603868,0.8607017513178561
15,7.2,0.8299109573394741,-0.094165585030218,0.5882240904904737,-0.5032305836919709
16,7.2,-0.0016799816950176483,-0.8340380388390755,0.05051231801995762,-0.42048950230599075
17,7.2,-0.0016799816950176483,-0.3407897362998371,-0.48719945445055884,-0.13984280781384692
18,6.8,-0.0016799816950176483,0.1524585662394011,0.5882240904904737,1.8974767639087
19,8.0,-1.110467900407675,0.1524585662394011,-0.48719945445055884,1.3672191133840665
20,7.25,2.2158958557302944,1.1389551713178778,0.5882240904904737,-1.1851497630370602
21,7.4,0.1369185081440639,-0.094165585030218,0.5882240904904737,-0.04645233237522276
22,7.5,0.552713977661311,0.1524585662394011,0.5882240904904737,0.573243715261553
23,7.2,0.8299109573394741,-0.7107259632042658,-0.08391562509767157,-0.14564094689286808
24,7.0,-0.0016799816950176483,-0.8340380388390755,0.5882240904904737,0.2865399440392163
25,7.0,-0.5560739410513463,-2.807031248996029,0.05051231801995762,0.7391166785162002
26,7.25,-0.5560739410513463,-0.8340380388390755,0.5882240904904737,1.111309956354089
27,7.0,0.1369185081440639,-0.7107259632042658,1.260363806078619,-0.8224703755298577
28,7.0,-0.5560739410513463,1.1389551713178778,0.5882240904904737,-0.6686403371236992
29,7.0,-0.5560739410513463,-0.3407897362998371,0.5882240904904737,-0.9599312353369229
30,6.75,-0.5560739410513463,-0.7107259632042658,0.5882240904904737,0.09637752964763034
31,7.2,-1.2490663902467565,1.1389551713178778,0.5882240904904737,-0.011043513861674155
32,7.2,-0.0016799816950176483,-0.3407897362998371,0.5882240904904737,1.3429018278840383
33,7.2,-0.0016799816950176483,-0.3407897362998371,0.5882240904904737,0.8168122798580768
34,7.0,-0.0016799816950176483,-1.820534643917552,0.5882240904904737,-0.3299690160393485
35,7.0,-0.5560739410513463,0.6457068687786396,0.5882240904904737,-0.20993858272989094
36,7.2,-0.5560739410513463,-0.3407897362998371,0.5882240904904737,0.007530741614428002
37,7.0,-0.0016799816950176483,0.6457068687786396,0.5882240904904737,0.12359298989812809
38,7.0,-0.5560739410513463,-0.3407897362998371,0.5882240904904737,0.18426278436079827
39,7.0,-0.5560739410513463,-1.3272863413783138,-2.1003347718621077,1.1038762227913876
40,7.2,-0.5560739410513463,1.1389551713178778,0.5882240904904737,0.8331477180894014
41,7.4,-0.0016799816950176483,-0.3407897362998371,0.5882240904904737,0.2479515138523664
42,6.6,0.552713977661311,-0.3407897362998371,0.5882240904904737,-0.17079275209407466
43,7.25,-1.6648618597640037,0.1524585662394011,0.5882240904904737,-0.6480391658560157
44,7.2,0.1369185081440639,1.1389551713178778,0.5882240904904737,-0.37859056441122313
45,7.2,-0.0016799816950176483,1.1389551713178778,-2.1003347718621077,0.1038246326715639
46,8.0,-0.0016799816950176483,-0.3407897362998371,0.5882240904904737,1.2957464445592382
47,7.2,2.2158958557302944,1.1389551713178778,-2.1003347718621077,1.0820695436015053
48,6.75,-0.0016799816950176483,1.1389551713178778,-2.1003347718621077,0.09108611034903963
49,7.0,-1.2490663902467565,0.5223947931438299,-2.1003347718621077,-0.054055239842637236
50,7.0,-0.5560739410513463,0.6457068687786396,-2.1003347718621077,0.11160864060629444
51,8.0,-0.5560739410513463,1.1389551713178778,-2.1003347718621077,0.2919981232581576
52,7.0,2.2158958557302944,1.1389551713178778,0.5882240904904737,-0.24509314534035484
53,7.25,-0.5560739410513463,1.1389551713178778,0.5882240904904737,1.991822058054603
54,7.5,0.1369185081440639,-3.7935278540745054,0.5882240904904737,2.9809116750992923
0,7.8,3.2986118973131564,1.6142638680113899,3.568697684141377,-2.5019724612874894
1,8.2,0.4660989069317274,1.3046482824859253,-0.027361318498344955,1.8311872643833806
2,7.8,1.4102699037255357,-0.24342964514139792,0.6918504820295993,-0.23231994599825062
3,7.8,0.4660989069317274,-0.8626608161923272,1.4110622825575434,-0.44755294068504214
4,8.25,0.4660989069317274,-0.5530452306668626,0.6918504820295993,0.5039906079803642
5,7.75,1.5282912783247635,0.8402249041977283,-0.027361318498344955,-0.43820282539190125
6,8.0,0.3480775323325016,0.4532054222908975,-1.8253908198182058,-0.16555135514343852
7,8.6,0.9381844053286326,-0.7078530234295949,1.770668182821516,-0.13196314361311012
8,8.4,2.354440900519346,-0.24342964514139792,2.1302740830854887,1.1970000886812153
9,7.4,1.882355402122443,-0.24342964514139792,-0.027361318498344955,1.2258302098752696
10,7.6,-0.4780720898620809,0.6854171114349961,-1.4657849195542338,-0.6084519894869747
11,7.4,-0.0059865914651778,0.6854171114349961,-2.184996720082178,-0.29644643718969826
12,7.8,-0.4780720898620809,0.37580152590953136,-1.4657849195542338,-0.7204202122147195
13,7.8,0.4660989069317274,0.06618594038406674,-0.027361318498344955,-0.6083870151880749
14,7.6,0.4660989069317274,0.37580152590953136,1.4110622825575434,-0.5298214866038878
15,6.8,-0.0059865914651778,1.9238794535368544,-0.027361318498344955,0.08875282563587603
16,7.4,-1.8943285850527964,0.37580152590953136,-0.7465731190262892,-0.7638025181270099
17,7.4,-0.4780720898620809,0.37580152590953136,-0.027361318498344955,0.7597317318011351
18,7.8,-0.4780720898620809,0.6854171114349961,0.6918504820295993,-0.15117146654306404
19,7.4,0.4660989069317274,0.9950326969604606,-0.027361318498344955,-0.4162632869758526
20,7.6,-0.4780720898620809,0.6854171114349961,-0.027361318498344955,-0.05527667480347115
21,7.666666666666667,-0.0059865914651778,0.37580152590953136,-0.027361318498344955,0.21916638792278892
22,7.4,0.151375241333792,0.5822119162598411,-0.027361318498344955,0.37423820739553243
23,7.0,-0.4780720898620809,0.37580152590953136,-0.027361318498344955,-0.732886077827315
24,7.6,-1.4222430866558913,0.06618594038406674,-0.7465731190262892,-0.3987386737937701
25,8.0,-0.0059865914651778,0.37580152590953136,-0.7465731190262892,0.2048329243863869
26,7.25,0.9381844053286326,1.3046482824859253,-0.027361318498344955,0.09645589701629019
27,7.5,-0.8321362136597603,0.4532054222908975,-0.9263760691582754,0.6871753900282254
28,7.8,-0.24202934066362936,0.06618594038406674,-0.027361318498344955,-0.8293683749863112
29,7.5,0.4660989069317274,0.9950326969604606,-0.7465731190262892,2.212489410270442
30,7.4,-0.24202934066362936,0.4532054222908975,-0.027361318498344955,0.8228697808130679
31,7.6,-0.4780720898620809,0.37580152590953136,-0.027361318498344955,-2.0300094482487334
32,7.0,-0.0059865914651778,0.6854171114349961,-0.7465731190262892,-0.3996590455281158
33,7.4,-1.4222430866558913,0.9950326969604606,-0.7465731190262892,0.22373156373170044
34,7.5,-0.4780720898620809,-0.24342964514139792,-0.027361318498344955,-0.10203660832886041
35,7.5,-0.24202934066362936,-1.4818919872432563,-0.027361318498344955,-0.09826634830589352
36,7.6,-0.24202934066362936,-0.32083354152276405,-0.027361318498344955,3.5915886756577766
37,7.0,-0.0059865914651778,-2.1011231582941856,-0.027361318498344955,-1.0178295724619661
38,7.2,-1.4222430866558913,-2.1011231582941856,-0.027361318498344955,-0.6312079978053272
39,7.0,-0.9501575882589861,-0.8626608161923272,-0.027361318498344955,0.18538118520028465
40,7.2,-1.4222430866558913,-1.791507572768721,-0.027361318498344955,-0.47127994711595567
41,7.6,-0.9501575882589861,-1.1722764017177918,-0.027361318498344955,0.5859622682151503
42,7.75,-0.0059865914651778,-1.791507572768721,1.4110622825575434,0.5404112329032525
43,7.4,0.3480775323325016,-0.5530452306668626,-0.027361318498344955,0.6432453584137883
44,7.25,-0.4780720898620809,-1.791507572768721,-0.7465731190262892,-1.004011181041718
45,7.666666666666667,-0.8321362136597603,-1.4818919872432563,-0.027361318498344955,-0.2111439756159572
0,7.6,1.8218335294470174,1.6984810975165903,1.147256997400386,-0.622228741869168
1,7.4,1.0751237716471003,-0.8866410426848201,-1.0825646412182406,0.0950141258203705
2,6.75,0.7017688927471434,-0.5635007751596439,-1.0825646412182406,0.4493386689828394
3,7.0,-0.5116344636777215,-2.3407722465481138,-0.525109231563584,-0.47408762256940756
4,7.25,-0.04494086505277369,0.7290602949410614,0.7012926696766605,1.5107627998340631
5,7.8,0.4217527335721741,0.08277975989070874,1.147256997400386,-0.6889024253938197
6,7.5,1.4484786505470588,1.0522005624662376,0.7012926696766605,0.6197691994177622
7,7.2,0.8884463321971219,0.8906304287036496,1.147256997400386,-0.9457973517323726
8,7.5,0.3284140138471848,0.7290602949410614,0.7012926696766605,0.0769485439261089
9,6.8,0.8884463321971219,-0.32114557451576164,-1.0825646412182406,-0.5654471036186188
10,6.2,-0.4182957439527322,0.08277975989070874,-1.0825646412182406,-0.3065959115556462
11,7.6,-1.5383603806526063,0.405920027415885,-1.0825646412182406,-0.09414802017798472
12,7.0,1.0751237716471003,1.375340829991414,-1.0825646412182406,4.683305337345895
13,6.8,-0.04494086505277369,-1.5329215777351728,0.5898015877457291,-0.10260806038208857
14,6.0,-0.4182957439527322,0.7290602949410614,0.25532834195293513,-0.1350448110604949
15,6.333333333333333,-1.9117152595525648,2.1024064319230606,-1.0825646412182406,-0.35660962336701263
16,7.4,-1.289457128052635,0.08277975989070874,0.4039831178608435,1.3433130107688371
17,7.0,0.7017688927471434,-1.2097813102099966,1.147256997400386,0.7351345599889184
18,6.833333333333333,-0.04494086505277369,-1.5329215777351728,1.147256997400386,0.03644779614822746
19,7.5,-0.3560699308027394,-1.5329215777351728,1.147256997400386,-0.5578455341094282
20,6.0,0.8884463321971219,-0.7250709089222321,1.147256997400386,0.7446686473053631
21,7.0,-1.9117152595525648,-0.9943544651932122,-0.33929076167869854,0.3086345412081146
22,7.0,-0.04494086505277369,1.6984810975165903,-1.0825646412182406,-0.9813752167584853
23,7.4,-0.04494086505277369,0.08277975989070874,-1.0825646412182406,0.33165110699953737
24,7.0,0.7017688927471434,0.08277975989070874,-1.0825646412182406,0.19624823875446817
25,7.25,-0.04494086505277369,0.08277975989070874,-1.0825646412182406,0.3124103280345582
26,7.0,0.4217527335721741,-1.5329215777351728,-1.0825646412182406,-0.44847658939357216
27,7.5,-0.04494086505277369,-1.2097813102099966,0.25532834195293513,0.3673814886622182
28,5.2,0.8884463321971219,-0.32114557451576164,0.5898015877457291,-0.29838527070110876
29,6.4,-3.4051347751523973,-1.5329215777351728,-1.9744932966656914,-0.16600905565567425
30,7.0,-1.1650055017526477,0.405920027415885,-0.19063598577079005,-0.29472660273893764
31,7.6,-0.04494086505277369,0.08277975989070874,1.147256997400386,-0.8428500837760621
32,7.2,1.0751237716471003,-0.5635007751596439,-1.0825646412182406,-0.7046538445355839
33,7.4,0.3284140138471848,-0.2403605076344676,0.25532834195293513,-0.760266571526816
34,7.0,0.7017688927471434,0.08277975989070874,-1.0825646412182406,-1.0747051016154539
35,6.2,-0.04494086505277369,0.08277975989070874,1.147256997400386,-0.46221629555027144
36,6.6,-1.5383603806526063,0.405920027415885,-0.19063598577079005,-0.3526610695600622
37,6.8,-0.7916506228526908,1.0522005624662376,0.7012926696766605,-0.5020022450705713
38,7.2,-0.4182957439527322,-0.2403605076344676,0.25532834195293513,-1.0203104491054957
39,7.0,0.3284140138471848,0.08277975989070874,0.7012926696766605,-1.016655688532817
40,7.0,-0.04494086505277369,0.4867050942971791,1.147256997400386,-0.4378338415206696
41,6.2,-0.04494086505277369,1.375340829991414,1.147256997400386,-1.1627592518661112
42,6.6,-1.5383603806526063,0.08277975989070874,-1.0825646412182406,-0.1286503482581254
43,7.0,-0.7916506228526908,0.08277975989070874,-1.0825646412182406,0.43857764195133603
44,7.4,-0.04494086505277369,-0.5635007751596439,0.7012926696766605,-0.897182233349733
45,7.0,0.7017688927471434,0.405920027415885,1.593221325124111,-0.6102058262221728
46,6.833333333333333,-0.04494086505277369,1.6984810975165903,1.147256997400386,2.3553321067915745
47,6.75,-0.3560699308027394,-1.5329215777351728,0.4039831178608435,-0.41435667423169037
48,7.8,-0.5116344636777215,0.08277975989070874,-1.0825646412182406,-0.5537998953318486
49,7.0,1.4484786505470588,0.7290602949410614,1.147256997400386,0.3254407383645505
50,7.0,-0.04494086505277369,0.8906304287036496,1.147256997400386,-0.43075606215343326
51,7.5,-0.04494086505277369,0.08277975989070874,-1.0825646412182406,1.3461631880032305
52,8.0,0.8884463321971219,0.8906304287036496,-1.0825646412182406,1.9688898793271823
53,6.5,1.8218335294470174,-1.5329215777351728,-1.0825646412182406,0.16472147565558573
0,7.0,0.6679425323863768,-0.962144997349651,2.3565458430904065,-2.585018940273566
1,8.0,-0.8604005501926192,0.3598862967185718,-0.8746046146382931,2.075975566377062
2,8.0,0.6679425323863768,0.029378473201516105,0.20244553793794004,0.6230557479511204
3,8.4,0.6679425323863768,-0.3011293503155396,0.20244553793794004,-0.4951737884191519
4,7.6,1.2792797654179757,2.2107301084140834,2.1411358125751594,-0.822792518822933
5,7.0,0.05660529935477788,-1.49095751497694,-0.8746046146382931,-0.7564057395277911
6,7.8,-0.8604005501926192,-0.3011293503155396,-1.9516547672145261,-0.2554789653640746
7,7.333333333333333,0.36227391587057733,0.888698814345861,-0.44378455360779984,-0.5608753650324123
8,8.25,-0.35095285599962095,0.8005633947413128,-0.8746046146382931,-0.28093121234239055
9,7.666666666666667,1.050028303031126,0.6903941202356275,0.7409706142260566,-0.17211726028184077
10,8.6,0.15849483819337862,0.8005633947413128,-0.15657117958747105,1.1917957672489439
11,8.0,1.584948381933774,0.6242925555322164,0.84867562948368,0.03078817275968387
12,7.5,0.6679425323863768,-2.019770032604229,0.4178555684531866,0.661185961621474
13,8.0,-0.09622900890312118,1.0209019437526832,0.20244553793794004,0.03653780272748849
14,8.5,0.6679425323863768,0.3598862967185718,0.20244553793794004,0.8162420231878071
15,8.5,1.4321140736758748,1.3514097672697387,0.7409706142260566,1.1885919422549982
16,7.0,1.4321140736758748,1.0209019437526832,0.20244553793794004,-0.68577124994732
17,7.0,-0.8604005501926192,-0.962144997349651,1.2794956905141732,1.1752901673500569
18,7.0,-0.8604005501926192,-1.9536684679008183,-1.4131296909264097,-1.7411655454045396
19,8.0,-0.8604005501926192,0.09548003790492723,-0.8746046146382931,0.594773675167476
20,8.0,0.6679425323863768,0.3598862967185718,0.20244553793794004,-0.8329539161384205
21,7.0,0.6679425323863768,0.3598862967185718,1.2794956905141732,1.1877871859603992
22,7.5,-0.8604005501926192,-0.3011293503155396,-0.8746046146382931,-1.220711286490742
23,8.0,-0.09622900890312118,0.6903941202356275,-0.3360795383501765,-0.784447758277907
24,7.0,0.6679425323863768,1.6819175907867945,0.561462255463351,0.5190274711334776
25,7.0,-0.8604005501926192,0.3598862967185718,0.561462255463351,-0.288290990467067
26,7.25,-0.8604005501926192,-0.962144997349651,-0.8746046146382931,1.5966578096271988
27,7.5,-0.47831477954787016,0.029378473201516105,-0.8746046146382931,0.0614762864611077
28,8.666666666666666,-0.09622900890312118,-0.962144997349651,0.20244553793794004,-0.2626076107867986
29,7.0,1.6868379207723732,0.8005633947413128,1.2794956905141732,0.7011126822337514
30,6.0,-0.8604005501926192,-0.3011293503155396,-0.8746046146382931,-1.5933845124919246
31,6.0,-2.3887436327716154,-0.962144997349651,-1.4131296909264097,-0.6537517581604239
32,7.75,-2.3887436327716154,-0.962144997349651,-1.4131296909264097,0.5700227286160983
33,7.25,0.28585676174162783,0.029378473201516105,0.7409706142260566,-0.3954153801896914
34,7.2,-0.47831477954787016,-0.6316371738325953,0.20244553793794004,1.1349650238222884
35,7.2,-0.5547319336768197,-1.49095751497694,-0.44378455360779984,0.22200778391856643
0,7.0,-0.31208429188337433,-1.6365174270047858,-1.6687229553017833,-1.7176582460619934
1,8.0,-0.31208429188337433,0.1314236501482105,0.054391230616094584,-0.389298686458112
2,7.0,1.595097491848343,1.6783720926570822,2.6390625094929114,-0.41953493030811184
3,7.6,-0.31208429188337433,1.1258905060467708,-0.9507587111693342,-0.4651026984684661
4,7.8,0.8322247783556553,0.1314236501482105,0.6287626259220541,0.08641116998438264
5,7.8,1.213661135101999,0.5734089194364596,1.2031340212280133,-0.7574383389140544
6,7.0,1.213661135101999,0.5734089194364596,0.6287626259220541,0.6475748539690204
7,7.75,-0.31208429188337433,0.1314236501482105,-0.5199801646898646,-0.06668155079611465
8,6.8,1.1183020459154136,0.5734089194364596,0.48516977709556414,0.8526658245604785
9,7.2,-0.6935206486297181,-0.7525468884282875,-0.5199801646898646,-0.039247396222776273
10,7.0,0.06935206486296944,0.5734089194364596,-0.5199801646898646,0.6232843180441313
11,7.0,-0.31208429188337433,-0.31056161914003855,-1.094351559995824,-0.22282208265617748
12,7.0,-0.31208429188337433,-0.31056161914003855,0.6287626259220541,1.78852826926011
13,6.2,-0.31208429188337433,-1.6365174270047858,-0.5199801646898646,-2.0418155019323203
14,6.6,-1.8378297188687478,-0.7525468884282875,-1.6687229553017833,0.41719411889469254
15,7.4,-1.0749570053760618,0.1314236501482105,-1.6687229553017833,0.13541292326877927
16,7.6,0.4507884216093132,1.4573794580129578,0.6287626259220541,-0.8769907724719531
17,7.8,0.8322247783556553,0.1314236501482105,0.6287626259220541,0.8305532681586655
18,8.2,1.213661135101999,0.1314236501482105,1.2031340212280133,0.5717544918798395
19,6.5,1.9765338485946848,1.4573794580129578,1.2031340212280133,0.9662117010830205
20,7.25,-1.2656751837492328,-2.741480600225408,-0.9507587111693342,2.527797762714311
21,7.0,0.16471115404955497,0.02092733282614826,0.48516977709556414,0.18887575310070864
22,7.6,-0.31208429188337433,-0.31056161914003855,0.054391230616094584,0.49632921976254085
23,6.8,0.8322247783556553,0.5734089194364596,-0.5199801646898646,-0.2856455616689405
24,6.25,-0.6935206486297181,1.0153941887247087,0.054391230616094584,-0.19257247915041906
25,6.8,-1.7424706296821622,-1.6365174270047858,-0.232794467036885,-0.2694365458923761
26,8.2,-0.6935206486297181,1.0153941887247087,0.054391230616094584,-0.9450749215715036
27,7.0,1.9765338485946848,1.8993647273012066,0.6287626259220541,-1.9117387420000103
28,6.6,-0.31208429188337433,1.0153941887247087,0.054391230616094584,-1.2272205727217331
29,7.0,-1.0749570053760618,-0.31056161914003855,0.054391230616094584,-0.2936386238809962
30,7.75,-0.31208429188337433,0.5734089194364596,0.6287626259220541,-0.4453942938635433
31,6.4,1.1183020459154136,0.02092733282614826,0.48516977709556414,0.9915495015375692
32,7.5,-1.456393362122404,-1.6365174270047858,-0.5199801646898646,1.4042386963208655
33,7.2,0.6415065999824843,0.5734089194364596,1.2031340212280133,0.581342922623456
34,6.75,0.06935206486296944,-0.7525468884282875,1.2031340212280133,-1.4882173570112107
35,7.25,-0.7888797378163036,0.02092733282614826,-0.232794467036885,0.0984389756608462
36,6.8,0.16471115404955497,0.5734089194364596,1.2031340212280133,0.13891508300611352
37,8.0,-0.6935206486297181,-0.7525468884282875,0.054391230616094584,-0.795433530380513
38,7.2,1.595097491848343,0.5734089194364596,1.2031340212280133,2.2739706074486903
39,6.25,0.06935206486296944,0.5734089194364596,-1.6687229553017833,0.28075270721674417
40,7.6,-1.7424706296821622,-1.0840358403944743,-1.6687229553017833,0.7738334986768496
41,7.0,0.8322247783556553,-1.1945321577165366,-1.6687229553017833,0.02469358238205945
42,6.75,-0.31208429188337433,-0.8998753115243705,0.24584836238474764,-1.1737114405417326
43,7.0,-0.7888797378163036,-0.5315542537841631,-0.9507587111693342,-0.6756549765807924
